sample_id,sequence,antimicrobial_activity,non_haemolysis,non_cytotoxicity
1,ELRRQARAKGERVREPRARNVGVNMRKINW,0.9077930450439453,0.8791045546531677,0.757987916469574
2,GGMRSRMRGAGKQVRGRWAYRSSIWICRAE,0.9158263802528381,0.9081231951713562,0.8117601871490479
3,WGRPKAAMQHKRDKIRVRLCLRSTSRYRCR,0.9605960845947266,0.8785012364387512,0.7728834748268127
4,FKFSWMRMVTIKNRGSRRKRLRTPQPERVQ,0.9317420721054077,0.8615298867225647,0.6886974573135376
5,GWPNCGKIWNKRMRQRRYAGAARRKRQANC,0.9545185565948486,0.9030746221542358,0.6866907477378845
6,CGFGQARTPDIPNMQQLEITHIGADPKVNP,0.027590559795498848,0.890112578868866,0.7519398331642151
7,CDAGQKIHEIRFIVECDCMSTGDTLVDGIP,0.007195102516561747,0.8778048753738403,0.7113615870475769
8,QGPYAKDGHIASTDNYEGEVVRPQAPHHWG,0.028783734887838364,0.9132509231567383,0.7151626944541931
9,DGSDIASKDIDQVHDLVTYEKRDRLIGYLR,0.001632181229069829,0.9285803437232971,0.915336012840271
10,KVQLYMPVRIRAKRTTRGSQLRNCGRKRTH,0.9654635787010193,0.9094116687774658,0.7471973299980164
11,KKGGARRSICERRLRCLGKKTRFRRTWGTV,0.9280003309249878,0.943972110748291,0.7485324740409851
12,RDKVRGSAKWDRMAKSGVDQEPFVNPQTDP,0.02053740620613098,0.8647732138633728,0.8054946064949036
13,QNSSVYSRRLGHVRKERGGSCVILLRRARK,0.9416437745094299,0.9465519189834595,0.7827024459838867
14,ATKEDKSHWFRIMAQWKREYGPRRFAVKKT,0.8169605135917664,0.8245765566825867,0.8658033609390259
15,RTLQQDENKPTFGHNHGAAVNPKDGKQRMV,0.07473991811275482,0.9279997944831848,0.7895044088363647
16,VFVTNGKDDYTPTQKNNTMKPYYGHIYVDC,0.017432762309908867,0.8494665622711182,0.6301089525222778
17,YHDELEGRVAEIQRSHQGADVKCPMNFDQV,0.009920509532094002,0.9153919816017151,0.9021911025047302
18,RRGVVIRERRVAPRCLGHRQNKVKRRCGAV,0.9440412521362305,0.9090614318847656,0.7821537852287292
19,RDNFPDPNQGMELLKQAKIAPDEDMQMLVE,0.005334616173058748,0.9127348065376282,0.9176285862922668
20,RRGDMRRKMGRRSRRPAQAVECQRKCFNYS,0.841770350933075,0.9625126719474792,0.7642592191696167
21,AKKSRRLRGLVIR,0.9888070821762085,0.9793229103088379,0.974787175655365
22,RRVLTRKKIRLIV,0.9947994947433472,0.9671763777732849,0.9711654782295227
23,FNRRARRVKLCIR,0.9850935935974121,0.968532145023346,0.9700095653533936
24,RQPWIRKKRLVRR,0.9905650615692139,0.9843639731407166,0.9580978155136108
25,RCRRIQVIRIKRV,0.9930279850959778,0.9545563459396362,0.9572616219520569
26,LRKRCRRVTIYRK,0.9853882193565369,0.9712285995483398,0.9503626823425293
27,WGRRIYWKSRRKI,0.9911079406738281,0.9676267504692078,0.9723463654518127
28,CRFMRRVKIRIRG,0.9784128069877625,0.9502205848693848,0.9560890793800354
29,TRKRRLRYKIALY,0.991599440574646,0.9669173955917358,0.9775612950325012
30,ILPRIRTRRKKWL,0.9902597069740295,0.9341074228286743,0.9725003242492676
31,RAAWGVCIKRRRK,0.9814376831054688,0.9794304370880127,0.9783697724342346
32,GQFVRWIKRKRKS,0.965694785118103,0.9708605408668518,0.962486982345581
33,WRLKRRVFRIKKA,0.9855942130088806,0.9879447221755981,0.9655665755271912
34,VAIRIRCKRLRRY,0.991828203201294,0.9418351054191589,0.9621689319610596
35,GRKRRFIWVRKAT,0.9866378307342529,0.9833768606185913,0.974611759185791
36,RAKRIWLRGIRFK,0.990474283695221,0.9692212343215942,0.9713729619979858
37,RTRLWKKRFRIHV,0.9899426698684692,0.9630129933357239,0.9785369634628296
38,RKTRSLVKIRLRY,0.9890137314796448,0.970747172832489,0.9775776863098145
39,VRWYKCRGRRMRQ,0.9757880568504333,0.9772549271583557,0.9429590702056885
40,TAVRKIWRKRRFI,0.9838687777519226,0.9698651432991028,0.9795362949371338
41,GQRVIRKKRW,0.8174008131027222,0.9691360592842102,0.9785879850387573
42,RFKVRRIKLR,0.9909239411354065,0.9892683625221252,0.9615412354469299
43,RWKRSVIRVR,0.9881142973899841,0.9816126823425293,0.9673244953155518
44,ARRKKIRLVW,0.9874994158744812,0.9884201288223267,0.9796252250671387
45,RKRRVIVRLK,0.9920374155044556,0.9873462319374084,0.9522029161453247
46,RRAVCRKRWK,0.9509866833686829,0.9789741039276123,0.9461212158203125
47,AQINKHDRQV,0.0013332887319847941,0.9868618249893188,0.9128657579421997
48,KLWIYRRRVK,0.9778221249580383,0.9697609543800354,0.9611043334007263
49,LRKRKRFVVR,0.9644879698753357,0.9908458590507507,0.8957508206367493
50,RKWRVFKRAK,0.9433648586273193,0.9901400208473206,0.9579150676727295
51,RRKRWICRWG,0.9918684959411621,0.9725543260574341,0.9642318487167358
52,WRWRRQKCRW,0.9926283359527588,0.9737738370895386,0.9503293037414551
53,CRKIDWRWRR,0.9763402342796326,0.948029637336731,0.9699820876121521
54,IKLVRLRKRK,0.9847238063812256,0.9824581742286682,0.9402284026145935
55,LRFRKVRRIK,0.9869213104248047,0.9834117889404297,0.9599069952964783
56,RRQLVRKRIC,0.9827125072479248,0.9757619500160217,0.9745832085609436
57,RKWWKRPVRK,0.9897762537002563,0.979318380355835,0.8668404221534729
58,RRFRIVKRKW,0.9782130122184753,0.9913156032562256,0.9528183341026306
59,LRRKRIFRVK,0.9878608584403992,0.9881762266159058,0.9580339789390564
60,CRKVIRRKAW,0.9742811918258667,0.9780758023262024,0.9536619782447815
61,MRRIKTVRGRIIVLPGLK,0.9859834313392639,0.9457845687866211,0.7925450801849365
62,RLSKVRLDCRLVKRCGRR,0.9794855117797852,0.9764025211334229,0.7688741087913513
63,LRKFRIRCKWGAKQWAAR,0.9938837885856628,0.9386046528816223,0.9373011589050293
64,RRKHIWLRRSRKLKFLPA,0.995879054069519,0.956273078918457,0.8771659135818481
65,VGKRCKVTRLIWRQRRYA,0.9942694902420044,0.9539138674736023,0.9184107780456543
66,KARLPIILRRKKRCPYQR,0.9973885416984558,0.9733093976974487,0.8784739971160889
67,AWAKKRWVRGRPRQIRNC,0.9917942881584167,0.9886187314987183,0.9532473087310791
68,GRKRLPRLRLIRYVKSSH,0.9980870485305786,0.9279261231422424,0.9148070812225342
69,LQWRWNKRCGRKRPRFII,0.997420072555542,0.9805279970169067,0.840472400188446
70,QCRRVWILRFPKWRRERT,0.9915071725845337,0.954504668712616,0.7761216163635254
71,RRMCRRKWINRKTPAIFV,0.9953669309616089,0.9657097458839417,0.8765429258346558
72,RLLTKRSIRVHKRVRLSL,0.9912189841270447,0.9666788578033447,0.9459997415542603
73,VNLFRYRRSRRILVCRKK,0.9965291619300842,0.9547407627105713,0.8388789892196655
74,VRSDKDGRNTFMELPDKL,0.04286207631230354,0.9490452408790588,0.864979088306427
75,DKKRRFVLRWRRPAKLRI,0.9963845014572144,0.9917693138122559,0.8641005754470825
76,PQRRPKNLRRLIVLKVST,0.9918321371078491,0.9708916544914246,0.8851288557052612
77,DKRIQGLKDKLAKQFRRK,0.9789391756057739,0.93809974193573,0.803947925567627
78,RSQRKIRVVRGLCRVKNR,0.9928615689277649,0.9748425483703613,0.8895338773727417
79,GVIWLKARTRRPRIRCKN,0.9956395626068115,0.9723721742630005,0.8987675309181213
80,RWIIRPRLYARRKKCRMV,0.9946486353874207,0.9760253429412842,0.9163128733634949
81,QAVRIRGKVFCRLRKRR,0.9965163469314575,0.9478121995925903,0.9513538479804993
82,NYRRVLRKSVDLSIDKH,0.2589970529079437,0.9259292483329773,0.9651950597763062
83,WWRKVRRVGRIRISANY,0.9946148991584778,0.9346993565559387,0.9553951025009155
84,REIRRKCWRLVNRRFTV,0.9783511757850647,0.9273260235786438,0.9337789416313171
85,RWKKRRACQSRVLRLYN,0.9836891293525696,0.9677890539169312,0.8796241879463196
86,WRIRRVQKARRACLVIS,0.9888297915458679,0.9482689499855042,0.9431731104850769
87,CSGIHCRVKCSGIHCHV,0.9693660736083984,0.9383163452148438,0.5017275810241699
88,KKPEGSWIKRIVKRRAK,0.9817264676094055,0.9338796138763428,0.8780524730682373
89,WRIRRVAGRPWNKRKIF,0.9953024387359619,0.9742907285690308,0.9464086890220642
90,AKRRAKPLNLLRGWKRI,0.9957375526428223,0.9378448724746704,0.905402421951294
91,KKVRFRVLSIVERRKRR,0.9838665723800659,0.9727950096130371,0.9245892763137817
92,PAVIRRGQVRKLRWSRK,0.9921703934669495,0.9709687829017639,0.9673154354095459
93,PAVQIGRRKCLARKFRR,0.9922981858253479,0.9443368911743164,0.945458710193634
94,RRLRIRKVIWFYGKTRS,0.9946012496948242,0.9665408730506897,0.968559980392456
95,AQYSIKRKRWRWRWTGS,0.9902058243751526,0.9559071063995361,0.9496778249740601
96,IRRNRPKFYWRVQRRSI,0.9951238036155701,0.9477342367172241,0.9096053838729858
97,LRCRIIKERRSPKRLRV,0.9882773756980896,0.9696788191795349,0.9605560302734375
98,RWRRRKIFRKSLARVYT,0.99553382396698,0.959371030330658,0.9618229269981384
99,RVRYRWGRVWKRPQTKC,0.9958328604698181,0.9577682018280029,0.9245207905769348
100,ILHRRGRLRWTRKKVLF,0.9961621761322021,0.944969117641449,0.9565156698226929
101,KWRRGVAATVRRTKYLK,0.9534890651702881,0.9180797934532166,0.9842773675918579
102,KLLHPRKISIRRVRTGY,0.9786771535873413,0.9370182156562805,0.9761193990707397
103,VWKRTWYRYRCREWRDR,0.9340305924415588,0.8261257410049438,0.9459028840065002
104,VRVLLIHSRKKRRIERP,0.967985212802887,0.9425370693206787,0.9714831113815308
105,TIIVRAGRHRCRKWTRK,0.965294361114502,0.9520906805992126,0.9617190361022949
106,KKTRRWRRTDWIRINIP,0.9627364873886108,0.8950697183609009,0.9392860531806946
107,NLREGRWRRAAKRAVKI,0.8987718820571899,0.9167405962944031,0.9749404788017273
108,YRRKWKVRAKIRPSGRG,0.9645521640777588,0.974339485168457,0.9723569750785828
109,RIQRTRGKGRAVLRAWR,0.9286372661590576,0.9430452585220337,0.9821009039878845
110,RQRGRLKDVSISLTKRR,0.970014750957489,0.9398835301399231,0.9840335845947266
111,LKACIHKRVIRRRVVAT,0.9491440057754517,0.94416344165802,0.9583025574684143
112,ITGRCRLQREYIRVRRR,0.9537919759750366,0.8992033004760742,0.9632449150085449
113,GIRVRLLKRRKVDRARI,0.9666022062301636,0.9697564840316772,0.9669846296310425
114,RRIKVLRWRSLQYRTKT,0.9843223690986633,0.9653761386871338,0.9652854800224304
115,ARRKCRRTLIYRREKWQ,0.9317795038223267,0.9548708200454712,0.970355749130249
116,RANKRRKGFVTILRRAW,0.9761244058609009,0.9178258776664734,0.9831492304801941
117,KLRKVRQKRISLISVRA,0.9797103404998779,0.9233512282371521,0.971960723400116
118,IGCACHQDWLDRQGKPK,0.061951443552970886,0.7864969372749329,0.8902623057365417
119,TRRIREKRIVWHFRRKS,0.9392614364624023,0.9503724575042725,0.9740172624588013
120,GQARFLARVKWRKIRKG,0.9826018810272217,0.9445886015892029,0.9766661524772644
121,KRAIYLNLRVRKRR,0.9919730424880981,0.9756439328193665,0.9738922119140625
122,CYRRVKRKLIGKRP,0.9841307997703552,0.9746174216270447,0.929675817489624
123,RKRIIKWPWRSNKS,0.9779407978057861,0.9599143266677856,0.9318422675132751
124,RKWKKFVLSRRTRI,0.9889505505561829,0.9821522831916809,0.9570837020874023
125,KRQKLIRKARNAVF,0.9856672883033752,0.9395961165428162,0.9251740574836731
126,RKRRHKVLDLSKLR,0.9433541297912598,0.9473481774330139,0.9496924877166748
127,KLRGTIRFRRWKVR,0.9954013824462891,0.9691047072410583,0.9706575274467468
128,ERIRTVWRRQCRLK,0.9891775250434875,0.9231922030448914,0.9524955153465271
129,RIRCKKRLGVQRRW,0.9792314767837524,0.9818850159645081,0.9487550854682922
130,RCQRIRVVRKTLRY,0.9929680228233337,0.9618843793869019,0.9697520136833191
131,GWTAVIRKRRRKFK,0.9859529733657837,0.9657491445541382,0.9756213426589966
132,RKGRWRRTVALKFN,0.9872779846191406,0.9700380563735962,0.971311092376709
133,KRVKPSLRIRDRRL,0.9693911671638489,0.9855890870094299,0.9539716839790344
134,ARRLRTRKGMCVII,0.983110785484314,0.9383992552757263,0.9702535271644592
135,RYRVCWIRRRSKKG,0.9894056916236877,0.9789355993270874,0.942562460899353
136,KRKAVRFRIQRRIW,0.9887912273406982,0.9561636447906494,0.9765058159828186
137,KRVILFRGRWRAKR,0.9955947995185852,0.9843536019325256,0.9705074429512024
138,KCYRRLAVRRIKGR,0.9803959727287292,0.9603431820869446,0.9657701253890991
139,AILVKRRVRCRKPQ,0.9897913932800293,0.9831006526947021,0.9454105496406555
140,RVRRSKLKILVGQR,0.9818893671035767,0.9718540906906128,0.9679200649261475
141,RWRWIRAKRIAKV,0.988766610622406,0.9273039102554321,0.9868326187133789
142,REIRIWRVSRQRW,0.9560518264770508,0.922637403011322,0.9804446697235107
143,QGRRAIRKFRLWK,0.9824861288070679,0.9857730269432068,0.9826669096946716
144,AGRHKKWTWRWRV,0.9751244783401489,0.8918499946594238,0.9830275774002075
145,RRVSLLKLRHGKI,0.9799401164054871,0.9391611218452454,0.98167484998703
146,RQKRRKFIWIRTA,0.9880373477935791,0.9625906348228455,0.9892061948776245
147,GKRTRDWRWRIRY,0.9547344446182251,0.9217286109924316,0.9831807017326355
148,NRIRIRARLFVRK,0.9872002601623535,0.927848756313324,0.9713582396507263
149,KRITRFRFRIKAH,0.9672663807868958,0.9203118085861206,0.9872497916221619
150,RRPWRARKLRIYK,0.9841552972793579,0.9715343117713928,0.9762039184570312
151,LLRRNKRIRWYRI,0.9823094010353088,0.973331868648529,0.9805473685264587
152,RITWKVGKRLRFR,0.9953450560569763,0.9607505202293396,0.97462397813797
153,KIRTGRVRKLFRS,0.9716367125511169,0.9618459939956665,0.9759524464607239
154,QRGRRAVKKIFRW,0.9683369398117065,0.9652231931686401,0.9844576716423035
155,AWVCRIRIRKQKR,0.9916965961456299,0.9553416967391968,0.9757689833641052
156,LRKRKWRRNYIPT,0.9673521518707275,0.9594227075576782,0.9775196313858032
157,KVRFRVQKRIISR,0.976965069770813,0.9484747052192688,0.9756215810775757
158,SRTRIRKYWIRFN,0.981336772441864,0.9314145445823669,0.9762747883796692
159,RRLRYIRIWKRRA,0.9896225929260254,0.9421533942222595,0.979312539100647
160,GRQRRTKRIYLLK,0.9747843146324158,0.9420819878578186,0.9840273857116699
161,KREANMGPRRQQKEGRAITMCWRKPHK,0.28375035524368286,0.8775427937507629,0.7947686314582825
162,EDALDAPAVDKSKILAQHIAEKHQSIK,0.005655556917190552,0.9014133810997009,0.9469264149665833
163,HFFHWARGYLHQVMTGLNVYNKPKGSR,0.08728024363517761,0.866417646408081,0.7356608510017395
164,FDIVDIHEVAACKVSTWETEYENQNQM,0.00898236408829689,0.8705219626426697,0.760778546333313
165,DGDGFNPQQVRERKMQRMQESGYIIAG,0.006357013247907162,0.925025463104248,0.9125383496284485
166,KTYKVDAESEIMGVQEKVYKRHIVHRP,0.035686589777469635,0.9028441905975342,0.8648897409439087
167,LRQVNQRHKSPGLSGRRVTVKRDSRNL,0.6672717332839966,0.9414277672767639,0.8934900164604187
168,LFIGGTDTHSIVKEHCHLKCYILNLNV,0.008527466095983982,0.9340353608131409,0.841921329498291
169,WFSETIFMVQWAVNCTGIIMPMHKVDK,0.004264041315764189,0.7625405788421631,0.815559446811676
170,RHKGTDGVDARRVLPSRYKRSGKMHLF,0.4554891884326935,0.8431938290596008,0.8753432631492615
171,ICRQRRMRGRRPVYCARPEKRRARGKL,0.9105969667434692,0.9533486366271973,0.8967688679695129
172,RQSGRKRGSRLVGGRVIQSVPHLRRII,0.9162613153457642,0.9346336722373962,0.9047307372093201
173,RSTLGQTCCYKRERAKRRGRWRWRQYR,0.9194377660751343,0.9419914484024048,0.9200307130813599
174,FRRAGKRNYARARKAIPAQLKVMKQPA,0.8991085290908813,0.86982661485672,0.8970584273338318
175,KMETAQAIRNRARMIMDKKPAEAKKQE,0.2039964199066162,0.925948977470398,0.8904485106468201
176,VQAHKDAMAKPKFLRIKVRAVRISQRR,0.9450550079345703,0.9248709082603455,0.8170214295387268
177,LCRRKLWRERRKRTYRYSYGMARGAAC,0.9232088327407837,0.9433367848396301,0.8907790780067444
178,RVAVRAGGHTVWSRPRRKKGCILQLRR,0.9653674960136414,0.9502025842666626,0.8552958965301514
179,HTCDNEEVEWLNNKVMCENIVAIKDHP,0.01365862786769867,0.8744821548461914,0.799389123916626
180,KLLKVKSRKTSLNFVQFGPKRKITTHS,0.7347140312194824,0.8888739347457886,0.8267491459846497
181,ARVTWQRKIRRK,0.9108443856239319,0.9767479300498962,0.9806875586509705
182,RRWKKIRTVRLA,0.9707796573638916,0.974265456199646,0.9808844327926636
183,RVALKHGTIRLD,0.11490064114332199,0.9688602089881897,0.9705105423927307
184,RRKLIFRRWTKY,0.9902349710464478,0.9785379767417908,0.9745693802833557
185,RRICLGKKRLRT,0.9557982087135315,0.9679916501045227,0.9631454944610596
186,KRFRRKLRTGWI,0.9857954978942871,0.9723039865493774,0.9729817509651184
187,KKQLKRSLVIRR,0.9684422612190247,0.9749246835708618,0.9745835661888123
188,SWVRKRYLRIRR,0.9873812198638916,0.9731723070144653,0.9538862109184265
189,RRLRVKKRSAVI,0.9508280158042908,0.9897615313529968,0.9765617847442627
190,KSRRLIKLKVRY,0.9924397468566895,0.9732239246368408,0.9687869548797607
191,KFARSKRRRVWI,0.9641007781028748,0.9811615943908691,0.9633837342262268
192,RKKRFARTWLRI,0.9845037460327148,0.9824635982513428,0.9748238921165466
193,WICRRRRKYLIR,0.9900320768356323,0.9615936279296875,0.963365912437439
194,AKRCKIVRRGWR,0.9900360107421875,0.9869130849838257,0.9630312323570251
195,RKKVVRRFRQSI,0.9485318660736084,0.990298330783844,0.9739282727241516
196,RVRCTAKKRRWG,0.9033386707305908,0.97496098279953,0.9771645665168762
197,YKLRRKARVQRL,0.9164856672286987,0.9828881025314331,0.9781144857406616
198,RQRKIKRPVLLR,0.9806909561157227,0.9807654023170471,0.9598737955093384
199,VRRELRRKVCRQ,0.7685248255729675,0.9737790822982788,0.9577848315238953
200,HRVSVKRRKIWW,0.9624416828155518,0.9806976318359375,0.9758338332176208
